Unnamed: 12,Unnamed: 13,Unnamed: 14,Unnamed: 15,Unnamed: 16,Unnamed: 17,Unnamed: 18,Unnamed: 19,Unnamed: 20,Unnamed: 21,Unnamed: 22
2025-02-25 00:00:00,1,P12,Produto 12,12,91,1,2025-02-20 00:00:00,48,43,6.92
2025-02-23 00:00:00,1,P13,Produto 13,13,99,1,2025-02-02 00:00:00,91,8,65.44
2025-01-21 00:00:00,1,P14,Produto 14,14,96,1,2025-01-01 00:00:00,27,69,21.91
2025-02-04 00:00:00,1,P15,Produto 15,15,45,1,2025-01-04 00:00:00,1,44,85.04
2025-02-27 00:00:00,1,P16,Produto 16,16,84,1,2025-01-14 00:00:00,51,33,64.17
2025-01-08 00:00:00,1,P17,Produto 17,17,22,1,2025-01-19 00:00:00,7,15,74.55
2025-02-17 00:00:00,1,P18,Produto 18,18,63,1,2025-01-02 00:00:00,17,46,24.94
2025-02-19 00:00:00,1,P19,Produto 19,19,40,1,2025-01-08 00:00:00,0,40,22.21
2025-02-10 00:00:00,1,P20,Produto 20,20,86,1,2025-01-15 00:00:00,78,8,38.51
